{
    "name": "root",
    "gauges": {
        "RollerBall.Environment.EpisodeLength.mean": {
            "value": 12.078534031413612,
            "min": 12.078534031413612,
            "max": 18.022813688212928,
            "count": 18
        },
        "RollerBall.Environment.EpisodeLength.sum": {
            "value": 9228.0,
            "min": 9228.0,
            "max": 9480.0,
            "count": 18
        },
        "RollerBall.Step.mean": {
            "value": 179984.0,
            "min": 9992.0,
            "max": 179984.0,
            "count": 18
        },
        "RollerBall.Step.sum": {
            "value": 179984.0,
            "min": 9992.0,
            "max": 179984.0,
            "count": 18
        },
        "RollerBall.CompletedEpisodes.mean": {
            "value": 11360.5,
            "min": 278.0,
            "max": 11360.5,
            "count": 18
        },
        "RollerBall.CompletedEpisodes.sum": {
            "value": 8702143.0,
            "min": 154290.0,
            "max": 8702143.0,
            "count": 18
        },
        "RollerBall.Environment.CumulativeReward.mean": {
            "value": 0.0,
            "min": 0.0,
            "max": 0.0,
            "count": 18
        },
        "RollerBall.Environment.CumulativeReward.sum": {
            "value": 0.0,
            "min": 0.0,
            "max": 0.0,
            "count": 18
        },
        "RollerBall.Policy.ExtrinsicReward.mean": {
            "value": 0.0,
            "min": 0.0,
            "max": 0.0,
            "count": 18
        },
        "RollerBall.Policy.ExtrinsicReward.sum": {
            "value": 0.0,
            "min": 0.0,
            "max": 0.0,
            "count": 18
        },
        "RollerBall.Losses.ValueLoss.mean": {
            "value": 0.13626430489402874,
            "min": 0.011631142502832405,
            "max": 0.22771468422328117,
            "count": 18
        },
        "RollerBall.Losses.ValueLoss.sum": {
            "value": 104.24219324393198,
            "min": 8.22321774950251,
            "max": 147.33140069246292,
            "count": 18
        },
        "RollerBall.Policy.Epsilon.mean": {
            "value": 0.5611014402258984,
            "min": 0.5611014402258984,
            "max": 0.9764869049365161,
            "count": 18
        },
        "RollerBall.Policy.Epsilon.sum": {
            "value": 429.24260177281224,
            "min": 429.24260177281224,
            "max": 539.0207715249569,
            "count": 18
        },
        "RollerBall.Rewards.TotalRewards.mean": {
            "value": -0.003972695590669496,
            "min": -0.012501097758818218,
            "max": 0.012772107661211632,
            "count": 18
        },
        "RollerBall.Rewards.TotalRewards.sum": {
            "value": -3.0391121268621646,
            "min": -9.075796972902026,
            "max": 7.420594551163958,
            "count": 18
        },
        "RollerBall.QValues.CurrentQValues.mean": {
            "value": -0.4285546395513746,
            "min": -0.5110034855201065,
            "max": 0.01104375552461295,
            "count": 18
        },
        "RollerBall.QValues.CurrentQValues.sum": {
            "value": -327.8442992568016,
            "min": -353.6144119799137,
            "max": 5.809015405946411,
            "count": 18
        },
        "RollerBall.QValues.TargetQValues.mean": {
            "value": -0.4281839871036461,
            "min": -0.5109593426388812,
            "max": 0.011900680453495295,
            "count": 18
        },
        "RollerBall.QValues.TargetQValues.sum": {
            "value": -327.56075013428926,
            "min": -353.5838651061058,
            "max": 6.259757918538526,
            "count": 18
        },
        "RollerBall.IsTraining.mean": {
            "value": 1.0,
            "min": 1.0,
            "max": 1.0,
            "count": 18
        },
        "RollerBall.IsTraining.sum": {
            "value": 1.0,
            "min": 1.0,
            "max": 1.0,
            "count": 18
        },
        "RollerBall.MeanEpisodeReward.mean": {
            "value": -0.013342321039531431,
            "min": -0.0769448403421858,
            "max": 0.11405405106845203,
            "count": 17
        },
        "RollerBall.MeanEpisodeReward.sum": {
            "value": -0.013342321039531431,
            "min": -0.0769448403421858,
            "max": 0.11405405106845203,
            "count": 17
        },
        "RollerBall.StdEpisodeReward.mean": {
            "value": 0.7746644455344174,
            "min": 0.5339588235033578,
            "max": 0.893357417773179,
            "count": 17
        },
        "RollerBall.StdEpisodeReward.sum": {
            "value": 0.7746644455344174,
            "min": 0.5339588235033578,
            "max": 0.893357417773179,
            "count": 17
        },
        "RollerBall.MeanGroupEpisodeReward.mean": {
            "value": -92.47930299305793,
            "min": -96.75433395807637,
            "max": 206.42784872934186,
            "count": 17
        },
        "RollerBall.MeanGroupEpisodeReward.sum": {
            "value": -92.47930299305793,
            "min": -96.75433395807637,
            "max": 206.42784872934186,
            "count": 17
        },
        "RollerBall.StdGroupEpisodeReward.mean": {
            "value": 22.001422917092153,
            "min": 10.154238267313904,
            "max": 35.84136984257397,
            "count": 17
        },
        "RollerBall.StdGroupEpisodeReward.sum": {
            "value": 22.001422917092153,
            "min": 10.154238267313904,
            "max": 35.84136984257397,
            "count": 17
        }
    },
    "metadata": {
        "timer_format_version": "0.1.0",
        "start_time_seconds": "1718302903",
        "python_version": "3.10.11 (tags/v3.10.11:7d4cc5a, Apr  5 2023, 00:38:17) [MSC v.1929 64 bit (AMD64)]",
        "command_line_arguments": "C:\\Users\\Utente\\UnityProject\\RL agent\\venv\\Scripts\\mlagents-learn config/agent_ball_config.yaml --run-id=AgentBall04",
        "mlagents_version": "1.1.0.dev0",
        "mlagents_envs_version": "1.1.0.dev0",
        "communication_protocol_version": "1.5.0",
        "pytorch_version": "2.2.1+cpu",
        "numpy_version": "1.23.5",
        "end_time_seconds": "1718304390"
    },
    "total": 1486.69422090007,
    "count": 1,
    "self": 0.022156700026243925,
    "children": {
        "run_training.setup": {
            "total": 0.2196430000476539,
            "count": 1,
            "self": 0.2196430000476539
        },
        "TrainerController.start_learning": {
            "total": 1486.452421199996,
            "count": 1,
            "self": 3.327527977526188,
            "children": {
                "TrainerController._reset_env": {
                    "total": 24.3640417996794,
                    "count": 1,
                    "self": 24.3640417996794
                },
                "TrainerController.advance": {
                    "total": 1458.5560866231099,
                    "count": 96244,
                    "self": 3.2325038709677756,
                    "children": {
                        "env_step": {
                            "total": 1387.66836950602,
                            "count": 96244,
                            "self": 1359.8823910094798,
                            "children": {
                                "SubprocessEnvManager._take_step": {
                                    "total": 25.490084683522582,
                                    "count": 96244,
                                    "self": 25.490084683522582
                                },
                                "workers": {
                                    "total": 2.2958938130177557,
                                    "count": 96243,
                                    "self": 0.0,